TDSFU Daily run: Mon Oct 27 13:40:59 UTC 2025 TDSFU
TDSFU Daily run: Tue Oct 28 04:36:36 UTC 2025 TDSFU
TDSFU Daily run: Wed Oct 29 04:41:38 UTC 2025 TDSFU
TDSFU Daily run: Thu Oct 30 04:35:54 UTC 2025 TDSFU
TDSFU Daily run: Fri Oct 31 04:38:30 UTC 2025 TDSFU
TDSFU Daily run: Sat Nov  1 04:33:12 UTC 2025 TDSFU
TDSFU Daily run: Sun Nov  2 04:35:56 UTC 2025 TDSFU
TDSFU Daily run: Mon Nov  3 04:42:34 UTC 2025 TDSFU
TDSFU Daily run: Tue Nov  4 04:36:01 UTC 2025 TDSFU
TDSFU Daily run: Wed Nov  5 04:36:45 UTC 2025 TDSFU
TDSFU Daily run: Thu Nov  6 04:42:07 UTC 2025 TDSFU
TDSFU Daily run: Fri Nov  7 04:36:11 UTC 2025 TDSFU
TDSFU Daily run: Sat Nov  8 04:34:58 UTC 2025 TDSFU
TDSFU Daily run: Sun Nov  9 04:34:50 UTC 2025 TDSFU
TDSFU Daily run: Mon Nov 10 04:41:34 UTC 2025 TDSFU
TDSFU Daily run: Tue Nov 11 04:39:02 UTC 2025 TDSFU
